X;Y;Class0;Class1;Class2
-1.2546;2.96543;0;1;0
4.50714;-3.16565;0;0;1
2.31994;2.79691;0;1;0
0.986585;0.968502;1;0;0
-3.43981;-0.541672;0;1;0
-3.44005;-4.00025;0;0;1
-4.41916;-0.407511;0;0;1
3.66176;-1.66291;0;0;1
1.01115;-3.57133;0;1;0
2.08073;1.50888;0;1;0
-4.79416;-4.43588;0;0;1
4.6991;2.21999;0;0;1
3.32443;4.38553;0;0;1
-2.87661;-4.99221;0;0;1
-3.18175;4.92212;0;0;1
-3.16596;1.17482;0;1;0
-1.95758;1.11653;0;1;0
0.247564;-4.92934;0;0;1
-0.68055;-4.76938;0;0;1
-2.08771;0.247746;0;1;0
1.11853;-1.00139;1;0;0
-3.60506;-4.53334;0;0;1
-2.07855;4.73756;0;0;1
-1.33638;-2.67229;0;1;0
-0.4393;-4.09394;0;0;1
2.85176;1.18386;0;1;0
-3.00326;-1.17538;0;1;0
0.142344;4.83231;0;0;1
0.924146;-0.332371;1;0;0
-4.5355;3.5994;0;0;1
1.07545;1.80308;0;1;0
-3.29476;-0.495008;0;1;0
-4.34948;-4.86735;0;0;1
4.48886;4.42202;0;0;1
4.65632;0.632882;0;0;1
3.08397;-1.14583;0;1;0
-1.95386;-4.84034;0;0;1
-4.02328;-2.69106;0;0;1
1.84233;-2.58975;0;1;0
-0.598475;1.83264;1;0;0
-3.77962;1.09997;0;1;0
-0.0482311;3.33195;0;1;0
-4.65611;-3.26635;0;0;1
4.0932;-1.08939;0;0;1
-2.4122;-3.17764;0;1;0
1.62522;2.55361;0;1;0
-1.88289;-0.748441;0;1;0
0.200681;-2.92058;0;1;0
0.467103;0.677003;1;0;0
-3.15146;-4.68687;0;0;1
4.69585;3.42285;0;0;1
2.75133;-0.502459;0;1;0
4.39499;-1.0485;0;0;1
3.94827;4.26659;0;0;1
0.979;2.27272;0;1;0
4.21874;-1.73459;0;0;1
-4.11508;0.70444;0;0;1
-3.04017;0.208343;0;1;0
-4.54773;4.61172;0;0;1
-1.7467;3.44534;0;1;0
-1.11323;2.4732;0;1;0
-2.28651;0.396921;0;1;0
3.28737;0.867512;0;1;0
-1.43247;4.65255;0;0;1
-2.19065;1.07034;0;1;0
0.42696;-2.24001;0;1;0
-3.59076;-2.03727;0;0;1
3.02197;-3.34733;0;0;1
-4.25449;-4.84364;0;0;1
4.86887;-0.765985;0;0;1
2.72245;-1.05118;0;1;0
-3.01284;-2.06512;0;1;0
-4.94478;-4.8592;0;0;1
3.15461;-3.01158;0;0;1
2.06857;2.11342;0;1;0
2.29007;2.90176;0;1;0
2.7127;1.0596;0;1;0
-4.25955;4.26301;0;0;1
-1.41534;1.51077;0;1;0
-3.84131;4.1496;0;0;1
3.63103;3.50039;0;0;1
1.23298;-0.505493;1;0;0
-1.69102;-4.0459;0;0;1
-4.36442;-1.29182;0;0;1
-1.89018;1.68841;0;1;0
-1.74817;1.65922;0;1;0
2.29606;0.912978;0;1;0
1.37557;-2.25278;0;1;0
3.87213;0.612434;0;1;0
-0.277851;-1.17073;1;0;0
-3.80406;4.71712;0;0;1
2.13245;3.48914;0;0;1
2.60785;2.2173;0;1;0
0.612772;-2.64015;0;1;0
2.70967;-2.43932;0;1;0
-0.0620441;-4.59566;0;0;1
0.227328;2.10663;0;1;0
-0.72459;-3.89109;0;1;0
-4.74581;-0.606635;0;0;1
-3.92109;-2.98281;0;0;1
-4.68571;3.95764;0;0;1
1.3641;-0.246298;1;0;0
-1.85644;0.632756;1;0;0
0.0857067;1.95516;1;0;0
4.07566;-3.60669;0;0;1
-2.50708;1.04417;0;1;0
-0.896171;0.398411;1;0;0
2.55551;-2.96939;0;1;0
-2.71202;4.42854;0;0;1
-4.2302;0.988655;0;0;1
-2.10249;1.94785;0;1;0
-3.38779;3.80468;0;0;1
4.29698;1.24354;0;0;1
3.0812;-2.04366;0;1;0
1.33404;-3.94506;0;0;1
3.71461;-0.434654;0;1;0
3.03672;-2.8156;0;0;1
-3.1343;-0.8349;0;1;0
3.92559;3.8328;0;0;1
0.393422;-1.75655;1;0;0
3.0744;-3.77912;0;0;1
3.96091;-1.43702;0;0;1
-1.81997;4.06828;0;0;1
-3.89948;-2.27868;0;0;1
-2.72065;1.4769;0;1;0
-0.728922;-4.9948;0;0;1
3.18015;-1.47431;0;1;0
3.60731;-1.95219;0;0;1
-4.93048;-3.35344;0;0;1
0.107473;0.340895;1;0;0
-0.82589;-0.1517;1;0;0
-2.77892;1.92436;0;1;0
-3.80135;-2.30588;0;0;1
-1.62385;-2.55874;0;1;0
4.4291;-3.31709;0;0;1
-1.76797;-2.81236;0;1;0
0.187906;0.58102;1;0;0
2.03019;-0.961638;0;1;0
-1.3637;-4.35108;0;0;1
4.71782;-2.46085;0;0;1
4.62447;-2.53124;0;0;1
-2.48218;1.96304;0;1;0
-0.0275149;2.12271;0;1;0
-1.99122;-3.51913;0;0;1
-2.1516;4.97741;0;0;1
-4.63113;-2.33219;0;0;1
1.09564;4.76615;0;0;1
0.0267906;-0.88963;1;0;0
-4.48521;-4.66949;0;0;1
-2.21354;-1.54929;0;1;0
4.08266;1.34351;0;0;1
-2.60438;1.80705;0;1;0
-3.55105;0.309346;0;1;0
-0.105473;-0.522168;1;0;0
4.8565;0.528931;0;0;1
-2.57945;0.926967;0;1;0
1.72136;-4.19147;0;0;1
2.6162;-1.30346;0;1;0
-2.62362;-2.5784;0;1;0
2.28216;3.0314;0;1;0
-1.32217;-0.296994;1;0;0
1.32306;4.83423;0;0;1
1.3353;-1.01176;1;0;0
0.357747;3.16432;0;1;0
-4.0971;2.98345;0;0;1
3.35302;-3.49282;0;0;1
-1.7922;0.0819879;1;0;0
-3.13481;1.95813;0;1;0
-4.59225;3.58359;0;0;1
0.90893;-1.74041;1;0;0
1.77564;-2.79759;0;1;0
-4.83412;2.1115;0;0;1
0.120931;3.09501;0;1;0
-2.73504;-1.51334;0;1;0
1.45173;-4.03823;0;0;1
-3.25634;4.40523;0;0;1
1.90938;-1.02428;0;1;0
-1.13265;0.177513;1;0;0
4.3673;3.3771;0;0;1
-3.62479;1.7569;0;0;1
-1.58934;2.35216;0;1;0
-3.86526;-2.90928;0;0;1
4.24694;0.41448;0;0;1
3.77339;1.95784;0;0;1
-2.42058;-2.7145;0;1;0
1.59984;-3.25045;0;1;0
3.17222;4.82168;0;0;1
0.552008;0.166359;1;0;0
0.296506;-2.39171;0;1;0
-2.58148;4.96254;0;0;1
-4.06897;4.65419;0;0;1
3.97216;0.582934;0;0;1
4.00418;3.82636;0;0;1
1.33101;-3.11293;0;1;0
-1.6097;-2.21129;0;1;0
-1.5079;2.00358;0;1;0
2.25956;3.46661;0;0;1
3.9711;3.56324;0;0;1
3.87086;-0.954919;0;1;0
2.79876;3.8777;0;0;1
1.42032;3.50928;0;1;0
-4.1586;4.35635;0;0;1
-3.38371;2.85341;0;0;1
3.98554;1.68988;0;0;1
1.06429;0.806866;1;0;0
-4.90803;-1.27717;0;0;1
-3.98528;4.40133;0;0;1
1.63502;4.73664;0;0;1
-4.94938;-2.16079;0;0;1
-3.39192;-1.94636;0;1;0
0.487338;-0.143862;1;0;0
1.91895;-0.515759;1;0;0
1.51961;4.94457;0;0;1
-2.75731;-3.24075;0;0;1
2.12179;-4.81925;0;0;1
-2.62751;-0.0610628;0;1;0
-1.746;-3.21177;0;1;0
2.46491;-1.33531;0;1;0
1.49633;2.44171;0;1;0
3.49223;2.2094;0;0;1
1.57613;-1.91939;0;1;0
0.683086;0.425403;1;0;0
-4.06325;0.088141;0;0;1
-1.32284;1.36333;1;0;0
-2.34798;-2.49538;0;1;0
-2.5601;0.898709;0;1;0
4.73011;4.78893;0;0;1
-1.06902;-0.132579;1;0;0
3.92047;4.06099;0;0;1
1.31139;-0.656056;1;0;0
2.94811;-1.49922;0;1;0
0.026371;1.45103;1;0;0
0.769039;1.68924;1;0;0
-0.0748234;3.64168;0;1;0
-3.04757;-2.69815;0;0;1
2.22452;-0.00806618;0;1;0
-2.19228;0.720042;0;1;0
-4.75684;2.68554;0;0;1
1.45472;-4.56396;0;0;1
-3.22889;4.94551;0;0;1
4.40459;-0.300555;0;0;1
4.53929;-2.2044;0;0;1
4.14864;3.83494;0;0;1
-1.29841;2.47719;0;1;0
-4.84543;4.53072;0;0;1
4.28319;-1.6925;0;0;1
-0.718159;0.527649;1;0;0
4.66655;0.722924;0;0;1
4.6362;4.80332;0;0;1
3.53009;-4.24654;0;0;1
-2.05551;-1.94303;0;1;0
-1.14902;-3.09089;0;1;0
3.51137;-2.31525;0;0;1
-1.83078;-0.147201;1;0;0
-3.30507;-1.27313;0;1;0
0.568013;-1.05309;1;0;0
4.36155;3.44213;0;0;1
1.9603;4.30017;0;0;1
0.700612;-4.29584;0;0;1
-4.02823;-2.91081;0;0;1
1.15007;1.71144;0;1;0
4.90054;-1.41353;0;0;1
-3.59916;-2.45836;0;0;1
0.183297;-2.04709;0;1;0
3.77373;-1.77449;0;0;1
2.40769;3.4867;0;0;1
1.97016;-3.63379;0;0;1
2.02484;2.08911;0;1;0
-1.40509;0.5282;1;0;0
-2.06408;-2.0349;0;1;0
3.09361;-0.802192;0;1;0
3.10113;-2.43793;0;1;0
3.67072;1.11514;0;1;0
4.13241;-4.18406;0;0;1
0.113424;-4.94815;0;0;1
0.0151629;1.27894;1;0;0
2.98295;-3.05726;0;0;1
1.49964;-4.29059;0;0;1
2.01967;-1.03216;0;1;0
2.95793;-4.49231;0;0;1
3.90005;3.86617;0;0;1
-1.62005;-4.72383;0;0;1
-1.24417;0.788649;1;0;0
-4.06018;-0.615259;0;0;1
0.782802;1.72026;1;0;0
-4.64058;-1.71847;0;0;1
-0.34402;-3.44958;0;1;0
0.426446;4.81841;0;0;1
-2.13459;3.38934;0;0;1
0.908332;3.60405;0;1;0
-4.695;-2.49749;0;0;1
-4.62652;-4.61165;0;0;1
3.22601;-1.96734;0;1;0
-1.39809;0.370824;1;0;0
-3.72939;-1.73349;0;0;1
0.222433;3.27869;0;1;0
2.69994;-2.28457;0;1;0
-2.84179;4.65252;0;0;1
1.2289;-0.427348;1;0;0
-4.14653;3.42023;0;0;1
-4.48318;-3.0562;0;0;1
0.313546;-0.886461;1;0;0
0.406351;1.99512;0;1;0
1.3743;-3.61647;0;1;0
2.26091;-3.67255;0;0;1
4.75852;4.69537;0;0;1
0.163003;2.14595;0;1;0
-1.77044;-4.58932;0;0;1
2.95186;-1.01179;0;1;0
-2.29168;-0.664793;0;1;0
-0.610286;2.44043;0;1;0
-4.21544;-2.49139;0;0;1
-4.74649;-3.15666;0;0;1
4.62648;-4.19127;0;0;1
3.3598;-0.716855;0;1;0
1.95974;1.885;0;1;0
-0.91047;-4.41806;0;0;1
-3.26706;4.15214;0;0;1
-3.43563;-0.576478;0;1;0
-2.49757;-2.60213;0;1;0
0.492267;-4.06127;0;0;1
2.14596;-3.17134;0;1;0
1.60197;4.34614;0;0;1
-2.20066;1.38271;0;1;0
4.54865;0.166963;0;0;1
2.37897;1.57111;0;1;0
0.543541;-0.643271;1;0;0
1.11721;2.30039;0;1;0
-0.803999;-4.52284;0;0;1
-2.52269;0.660372;0;1;0
-1.44027;-3.41354;0;1;0
2.57846;-3.79835;0;0;1
-4.85607;-1.5812;0;0;1
-3.83927;-4.08201;0;0;1
-4.53997;-4.05843;0;0;1
-4.59271;-1.88587;0;0;1
3.55461;4.7951;0;0;1
2.03658;-3.2467;0;1;0
-0.258262;-4.82839;0;0;1
-4.02166;2.63364;0;0;1
-0.0838413;3.06913;0;1;0
-0.265283;-1.53696;1;0;0
-3.26798;-0.353262;0;1;0
-0.661483;1.49774;1;0;0
-1.01495;-4.51941;0;0;1
1.1585;4.49146;0;0;1
1.35094;3.8668;0;0;1
-4.54696;-2.39106;0;0;1
-1.25387;-4.84695;0;0;1
1.2586;4.33436;0;0;1
0.0313625;0.0103989;1;0;0
3.5649;0.393775;0;1;0
1.58694;1.83964;0;1;0
-3.37066;1.15851;0;1;0
-4.29431;4.43892;0;0;1
1.42419;4.44252;0;0;1
-4.73489;3.67199;0;0;1
0.857756;1.36404;1;0;0
4.4023;3.00949;0;0;1
0.754742;1.77168;1;0;0
-1.1183;0.733671;1;0;0
1.43288;-3.715;0;1;0
-0.417471;3.11204;0;1;0
0.456168;3.2064;0;1;0
4.41465;1.2594;0;0;1
-1.13897;3.20427;0;1;0
4.61191;1.51485;0;0;1
4.05351;-2.93316;0;0;1
-3.04209;-2.26039;0;1;0
-4.30639;-2.85411;0;0;1
-3.99222;-1.22741;0;0;1
-4.81778;-4.61037;0;0;1
-4.05557;1.18254;0;0;1
1.83007;-1.63446;0;1;0
-4.28811;1.55723;0;0;1
-1.81024;-1.14603;0;1;0
3.44875;1.81614;0;1;0
-4.76728;-1.59375;0;0;1
3.14468;-2.39305;0;1;0
-2.18145;-0.0396256;0;1;0
-3.81835;1.9289;0;0;1
1.96737;-1.51663;0;1;0
1.28943;4.36648;0;0;1
3.77472;-4.60814;0;0;1
2.35071;-0.820539;0;1;0
3.03481;4.67581;0;0;1
-2.17965;0.479719;0;1;0
-3.2256;-0.765291;0;1;0
2.50615;0.685203;0;1;0
3.06835;0.759246;0;1;0
4.90505;2.31648;0;0;1
-0.873823;-3.7231;0;1;0
-1.27982;-2.49984;0;1;0
2.76413;0.80544;0;1;0
-1.59196;3.67117;0;0;1
4.30757;0.618667;0;0;1
3.58413;-2.61403;0;0;1
-0.71006;1.79845;1;0;0
2.50871;2.39909;0;1;0
2.54543;-2.61764;0;1;0
-3.96876;-1.22271;0;0;1
4.02553;0.343275;0;0;1
0.0525236;-0.0343881;1;0;0
3.26457;-1.10382;0;1;0
-1.7995;-2.02365;0;1;0
3.95523;-4.00015;0;0;1
-1.10798;-4.46515;0;0;1
-4.89162;4.58541;0;0;1
4.05382;3.47143;0;0;1
-4.08713;-1.45095;0;0;1
-1.80686;4.56801;0;0;1
4.50062;1.7677;0;0;1
4.50607;-0.17479;0;0;1
0.734379;-0.0697432;1;0;0
1.31837;-4.16716;0;0;1
-0.515545;-4.08296;0;0;1
-2.06789;1.02441;0;1;0
-1.71335;0.537031;1;0;0
1.72518;-2.87272;0;1;0
2.52375;4.46195;0;0;1
2.91579;2.81296;0;0;1
2.89618;-3.86535;0;0;1
-4.08794;4.30929;0;0;1
-0.0557971;4.74248;0;0;1
-4.42441;4.95931;0;0;1
0.495289;-4.44129;0;0;1
-0.584695;2.37036;0;1;0
3.87704;0.459158;0;1;0
-1.49085;2.05831;0;1;0
-3.82933;4.68652;0;0;1
-3.57008;1.8803;0;0;1
2.61511;3.36964;0;0;1
1.18218;3.66869;0;1;0
-3.98877;3.38481;0;0;1
-4.15893;-0.739085;0;0;1
2.00969;-2.77424;0;1;0
-4.27237;-1.03348;0;0;1
3.2186;3.91897;0;0;1
2.06242;-3.53395;0;0;1
-4.18651;0.133262;0;0;1
-4.15162;-2.66772;0;0;1
4.8664;0.813055;0;0;1
-1.25729;3.63138;0;1;0
-1.29358;3.8036;0;0;1
3.128;-2.63315;0;0;1
4.47249;4.07694;0;0;1
4.86001;0.918887;0;0;1
2.53378;-1.49782;0;1;0
-1.2374;2.08181;0;1;0
-4.16499;-0.18333;0;0;1
2.77147;-1.22012;0;1;0
0.584043;2.05084;0;1;0
-0.75778;-2.51276;0;1;0
4.06354;-1.69747;0;0;1
-3.88803;-0.655481;0;1;0
-0.0737486;-2.46318;0;1;0
-4.88646;-0.947979;0;0;1
-0.313394;0.71473;1;0;0
-4.43697;2.40974;0;0;1
-3.81182;2.67195;0;0;1
-3.82474;3.2279;0;0;1
1.4921;2.44212;0;1;0
2.46045;1.81039;0;1;0
0.833688;-2.62494;0;1;0
4.62173;-0.997771;0;0;1
-1.25129;-0.222851;1;0;0
-2.14288;-4.17109;0;0;1
3.68599;0.283701;0;1;0
-2.76404;-0.636642;0;1;0
4.63223;3.02109;0;0;1
-4.87846;4.77901;0;0;1
4.69879;0.56005;0;0;1
-4.5684;-1.77314;0;0;1
3.91143;-4.56599;0;0;1
0.277011;4.24643;0;0;1
4.92965;4.19116;0;0;1
-4.26203;-2.4701;0;0;1
0.538543;1.95411;0;1;0
4.69303;-4.24565;0;0;1
0.230979;-3.33785;0;1;0
1.29399;-2.83191;0;1;0
1.95749;-2.05506;0;1;0
-0.454589;4.95831;0;0;1
1.27558;1.96925;0;1;0
0.843143;-1.15798;1;0;0
4.01158;2.37101;0;0;1
-4.54554;4.15254;0;0;1
-2.19037;4.58702;0;0;1
4.50412;-4.42136;0;0;1
3.90264;-1.05478;0;0;1
-0.443432;-3.93244;0;1;0
1.20133;-1.6434;0;1;0
-2.22619;-3.3032;0;1;0
-3.11879;1.46848;0;1;0
-0.363016;-1.11732;1;0;0
-1.46648;-2.70605;0;1;0
0.836561;-2.34062;0;1;0
-4.22265;-1.39655;0;0;1
4.74395;-2.4005;0;0;1
4.86211;-0.467592;0;0;1
1.98162;-4.67684;0;0;1
0.360964;-2.20236;0;1;0
-1.90472;-0.887933;0;1;0
3.13795;1.02782;0;1;0
1.84731;-2.29042;0;1;0
-3.37383;-3.66815;0;0;1
4.10927;-4.238;0;0;1
3.22537;4.40532;0;0;1
4.498;-0.83361;0;0;1
2.25719;0.811626;0;1;0
1.13415;4.19177;0;0;1
-0.81757;-4.17252;0;0;1
4.32728;3.76661;0;0;1
3.66064;0.515879;0;1;0
-4.54781;-3.35166;0;0;1
-4.73633;-0.887449;0;0;1
-1.23537;2.77602;0;1;0
3.10553;-0.196299;0;1;0
4.87276;4.85286;0;0;1
-3.49583;-1.23261;0;1;0
0.941307;2.49578;0;1;0
-1.19109;-1.07011;1;0;0
4.69914;3.29164;0;0;1
3.42119;0.690815;0;1;0
3.38329;-4.36488;0;0;1
-0.313068;-4.63178;0;0;1
-0.851805;-3.66148;0;1;0
-2.26593;-4.86328;0;0;1
-4.43624;-4.24641;0;0;1
3.64722;1.91714;0;0;1
3.12901;0.343463;0;1;0
4.99718;2.49911;0;0;1
4.96637;4.13166;0;0;1
0.554317;0.851495;1;0;0
2.68987;2.26121;0;1;0
4.44766;2.57081;0;0;1
3.49647;-1.22149;0;1;0
-2.52652;-2.58915;0;1;0
-0.494558;-2.94955;0;1;0
-3.70841;-2.48558;0;0;1
4.54051;-2.25268;0;0;1
1.06175;-2.92772;0;1;0
-2.71357;3.78221;0;0;1
1.71701;2.56999;0;1;0
1.18128;-4.53104;0;0;1
-1.41837;-2.31328;0;1;0
-3.86442;-4.77815;0;0;1
1.71573;-0.0183482;1;0;0
0.203077;-0.237893;1;0;0
2.72318;3.31371;0;0;1
0.201635;-1.92223;1;0;0
3.52182;3.16386;0;0;1
0.519068;4.67974;0;0;1
0.60938;-4.11592;0;0;1
3.76654;2.91818;0;0;1
-0.965171;0.899559;1;0;0
-3.65985;-0.19954;0;1;0
-4.71217;-0.794642;0;0;1
2.55137;2.84668;0;1;0
1.2031;1.39361;1;0;0
2.0408;3.05045;0;1;0
-2.87036;4.03151;0;0;1
-3.63629;1.17264;0;1;0
-4.85455;4.80463;0;0;1
-1.49412;1.08088;1;0;0
0.899177;1.36644;1;0;0
-1.07756;0.548156;1;0;0
-0.625251;-4.08998;0;0;1
4.04159;2.26397;0;0;1
-1.51745;0.474463;1;0;0
0.139895;-0.490895;1;0;0
2.83653;4.10471;0;0;1
-1.03457;-2.02041;0;1;0
1.22087;0.236022;1;0;0
3.62364;1.97642;0;0;1
4.49521;2.96472;0;0;1
-3.52927;-0.406532;0;1;0
4.26588;3.42091;0;0;1
-0.0788369;2.68918;0;1;0
-2.41756;-4.33764;0;0;1
-0.408642;-4.54139;0;0;1
4.80033;1.20806;0;0;1
-0.0738192;-1.52587;1;0;0
-1.71248;-2.90869;0;1;0
1.33401;0.796499;1;0;0
-2.59854;-1.58437;0;1;0
-4.24137;0.372634;0;0;1
-3.7112;-0.398808;0;1;0
-3.71954;0.847661;0;1;0
-3.48097;-0.996995;0;1;0
-3.61173;1.97668;0;0;1
1.40875;-3.19933;0;1;0
-3.1812;1.96501;0;1;0
-1.54333;-0.883388;1;0;0
3.96788;3.74318;0;0;1
-0.260384;0.152361;1;0;0
1.67558;4.7311;0;0;1
-3.2768;1.01935;0;1;0
-3.07711;-2.76151;0;0;1
-4.59131;3.21791;0;0;1
-3.31065;-1.54917;0;1;0
-2.2141;-1.52381;0;1;0
-3.2299;-4.68195;0;0;1
-4.11297;0.487153;0;0;1
-3.79364;0.344235;0;1;0
-0.392212;-1.44009;1;0;0
-2.93666;3.94217;0;0;1
-1.3573;-3.71252;0;1;0
0.0341725;-1.699;1;0;0
1.90395;-1.78417;0;1;0
-4.60688;-4.07709;0;0;1
2.9941;-0.188546;0;1;0
1.279;1.87785;0;1;0
-4.18241;0.11657;0;0;1
3.73579;-3.43022;0;0;1
4.20872;-1.22714;0;0;1
-4.38922;-4.97405;0;0;1
-2.23122;3.68301;0;0;1
3.06201;-4.15483;0;0;1
2.4826;0.972781;0;1;0
-3.15479;4.86257;0;0;1
-2.90651;0.365906;0;1;0
-1.29528;4.24042;0;0;1
-0.15477;-2.63883;0;1;0
1.18255;2.59955;0;1;0
-1.31086;0.312657;1;0;0
-0.374653;2.20516;0;1;0
2.47471;-4.37659;0;0;1
-4.63317;-3.52261;0;0;1
-2.47563;-3.66883;0;0;1
2.1335;1.87165;0;1;0
3.95207;3.44441;0;0;1
0.116775;2.49616;0;1;0
0.321135;-4.69528;0;0;1
-3.92828;3.67215;0;0;1
-0.525876;-1.45853;1;0;0
0.326173;-1.02836;1;0;0
-2.57529;-3.95131;0;0;1
-2.30757;2.37405;0;1;0
-1.22716;-3.17716;0;1;0
-4.79929;0.639651;0;0;1
-1.77921;3.4071;0;1;0
-2.88552;-4.10796;0;0;1
-1.72503;0.353355;1;0;0
-3.80238;-2.66784;0;0;1
3.90527;-1.57073;0;0;1
0.935925;-0.260301;1;0;0
1.79102;-1.44896;0;1;0
2.89171;1.48823;0;1;0
-0.0155778;-0.204179;1;0;0
-4.1308;0.841995;0;0;1
0.371065;2.36823;0;1;0
0.868411;0.577422;1;0;0
2.45439;0.865355;0;1;0
-0.683404;0.644586;1;0;0
-3.7242;-1.21227;0;1;0
-2.16224;-1.62553;0;1;0
-1.36918;3.99647;0;0;1
1.45917;1.07555;1;0;0
0.707783;-2.55647;0;1;0
-1.43903;-0.0175233;1;0;0
4.86515;-1.69652;0;0;1
1.05775;4.33692;0;0;1
-2.62773;-4.92466;0;0;1
-3.98218;-2.74667;0;0;1
-3.47141;-1.34643;0;1;0
-2.54042;-0.121902;0;1;0
-3.39319;3.50817;0;0;1
-3.13433;-4.12112;0;0;1
-2.14905;3.05865;0;1;0
-3.26626;-4.44347;0;0;1
3.96765;3.42314;0;0;1
-4.19766;-4.48365;0;0;1
0.245114;-4.81757;0;0;1
-0.896032;1.96961;0;1;0
4.82379;4.97256;0;0;1
-3.87961;3.9661;0;0;1
-1.02144;0.759984;1;0;0
4.6947;4.17396;0;0;1
3.65507;-4.947;0;0;1
3.17072;4.75067;0;0;1
-2.42097;-0.0925121;0;1;0
-3.29112;2.22896;0;1;0
1.68643;3.20861;0;1;0
4.29376;2.18457;0;0;1
0.567629;0.350368;1;0;0
0.716127;-0.233805;1;0;0
-2.20021;3.38583;0;0;1
2.69493;-2.94922;0;1;0
-3.12956;4.67994;0;0;1
-1.76321;2.10952;0;1;0
-0.745636;-3.00493;0;1;0
0.0761037;2.36247;0;1;0
-2.5759;0.2984;0;1;0
-3.85163;2.0723;0;0;1
1.1062;2.6778;0;1;0
-2.11369;-4.1271;0;0;1
0.812382;0.0610394;1;0;0
-3.45637;4.32014;0;0;1
-0.188599;-1.79358;1;0;0
0.325894;0.938831;1;0;0
-4.48176;-1.3077;0;0;1
-1.63396;-0.45732;1;0;0
-3.65585;0.486031;0;1;0
-4.36625;0.48922;0;0;1
4.8996;-2.9827;0;0;1
-1.77646;1.84572;0;1;0
3.09874;-4.12132;0;0;1
-2.45359;-3.61175;0;0;1
1.81503;-4.97289;0;0;1
2.60228;-3.83304;0;0;1
0.956388;-0.268338;1;0;0
-0.284238;1.06102;1;0;0
-0.881591;2.94289;0;1;0
-1.51132;-3.93301;0;0;1
4.29529;3.50727;0;0;1
3.30619;2.45975;0;0;1
4.65027;-0.914817;0;0;1
-3.75703;4.32938;0;0;1
2.30867;4.9093;0;0;1
4.3834;-2.94998;0;0;1
-3.18767;-1.20771;0;1;0
-4.33504;4.26449;0;0;1
2.41121;2.21597;0;1;0
0.744731;-4.51905;0;0;1
3.41829;2.81514;0;0;1
-3.60228;3.27941;0;0;1
2.95267;2.50502;0;1;0
-2.98373;2.99537;0;0;1
-3.36344;3.25133;0;0;1
-3.35734;-3.13595;0;0;1
3.14575;-2.64308;0;0;1
1.65197;1.33759;0;1;0
0.230655;4.07866;0;0;1
-1.4117;-1.83803;0;1;0
3.77201;0.883067;0;1;0
-1.07555;1.82982;0;1;0
3.16599;-0.480514;0;1;0
-0.608651;2.13782;0;1;0
-1.23056;3.99667;0;0;1
-0.373202;1.24102;1;0;0
-1.98622;0.39781;0;1;0
2.47609;-0.612554;0;1;0
0.027204;0.774863;1;0;0
-2.67787;-1.44638;0;1;0
3.99575;-1.08518;0;0;1
-1.16109;0.318575;1;0;0
0.435529;-4.33381;0;0;1
4.06472;-2.70975;0;0;1
1.24238;0.428493;1;0;0
-3.83102;-0.684719;0;1;0
4.39832;-1.67184;0;0;1
1.27708;2.30549;0;1;0
-1.65094;1.93718;0;1;0
-3.60728;-3.33269;0;0;1
2.94025;3.78629;0;0;1
1.20073;-0.045764;1;0;0
0.334611;2.41461;0;1;0
3.93893;0.731509;0;0;1
2.88597;4.97693;0;0;1
-3.48325;2.52403;0;0;1
-1.88278;2.0698;0;1;0
-2.51511;2.78572;0;1;0
2.43946;-3.56872;0;0;1
-4.66468;-2.95455;0;0;1
0.698896;2.14064;0;1;0
2.62459;-0.0601854;0;1;0
3.76766;2.54635;0;0;1
-1.57918;-3.97084;0;0;1
3.21257;0.364814;0;1;0
-3.89368;-1.21178;0;0;1
3.46452;-0.429998;0;1;0
-3.72511;1.03958;0;1;0
-1.02713;0.0228834;1;0;0
2.97295;0.398607;0;1;0
-3.50083;-0.136425;0;1;0
-2.70749;-0.910448;0;1;0
2.22253;2.71882;0;1;0
2.20037;-4.87797;0;0;1
1.41148;0.984426;1;0;0
1.93948;0.655084;0;1;0
0.427244;2.16179;0;1;0
-2.48201;0.990294;0;1;0
-1.54304;3.26799;0;1;0
-3.18402;4.59075;0;0;1
4.08451;-1.57476;0;0;1
0.833918;-2.72649;0;1;0
-0.991486;-0.764031;1;0;0
-0.379942;-2.1207;0;1;0
4.47283;1.1495;0;0;1
-3.46649;4.11852;0;0;1
0.862298;-3.60884;0;1;0
0.058887;-3.99205;0;1;0
1.11454;-2.43984;0;1;0
-4.8189;2.26096;0;0;1
3.72124;0.929629;0;1;0
4.32118;-3.97787;0;0;1
0.651331;4.18751;0;0;1
1.96651;2.90085;0;1;0
4.22499;-4.76977;0;0;1
2.07239;1.51367;0;1;0
-3.47461;2.71247;0;0;1
0.762883;-1.25565;1;0;0
1.06715;-4.31078;0;0;1
-0.758693;-4.22679;0;0;1
2.36444;-3.95753;0;0;1
4.34367;3.4044;0;0;1
4.25568;4.10686;0;0;1
-0.491606;-3.77189;0;1;0
-3.86762;-2.64094;0;0;1
4.84841;-3.34479;0;0;1
3.38898;-3.13679;0;0;1
-3.75337;3.37491;0;0;1
4.20842;-1.67854;0;0;1
3.69896;-1.88556;0;0;1
0.18838;-2.72604;0;1;0
0.912755;1.07894;1;0;0
-1.00997;-1.20694;1;0;0
-4.45238;2.4425;0;0;1
-1.64803;-2.9442;0;1;0
3.02853;2.8779;0;0;1
-4.95368;1.03722;0;0;1
-1.66501;-3.85733;0;0;1
-1.01831;-0.854954;1;0;0
0.373956;3.63518;0;1;0
4.19856;4.2296;0;0;1
-1.53654;-0.342999;1;0;0
-1.53047;-0.19163;1;0;0
2.37501;4.18455;0;0;1
-0.47782;0.870682;1;0;0
-2.75395;-4.67153;0;0;1
-0.475605;4.12749;0;0;1
-3.59143;-2.51774;0;0;1
-3.23613;0.77632;0;1;0
-0.0163221;-3.34487;0;1;0
-0.810745;-4.66121;0;0;1
4.14846;-1.88527;0;0;1
-1.37606;2.80496;0;1;0
0.805883;-2.22413;0;1;0
1.32264;-2.79903;0;1;0
-4.86906;-2.87319;0;0;1
1.63537;0.151737;1;0;0
-3.21964;4.75541;0;0;1
4.6107;-0.41011;0;0;1
-3.51337;0.573054;0;1;0
-0.853759;3.60632;0;1;0
-4.1465;0.350697;0;0;1
4.96874;-3.15537;0;0;1
0.0219498;-2.00404;0;1;0
0.95385;-1.90063;0;1;0
-4.32924;-1.02682;0;0;1
2.4996;-0.732111;0;1;0
-2.90094;2.99782;0;0;1
3.98054;-1.50613;0;0;1
-2.9486;-0.317682;0;1;0
-3.09312;1.24976;0;1;0
-4.6345;-1.22274;0;0;1
-0.279331;3.36565;0;1;0
0.648412;0.874536;1;0;0
-4.34291;-2.05955;0;0;1
2.75528;2.14059;0;1;0
-0.467112;0.276477;1;0;0
0.243903;0.344559;1;0;0
-0.592372;-0.18912;1;0;0
-0.992369;-0.0298805;1;0;0
0.596404;2.65356;0;1;0
-3.4476;-3.97019;0;0;1
-3.18072;-1.65637;0;1;0
3.61786;-4.24497;0;0;1
4.46115;2.53246;0;0;1
-1.26691;-2.27698;0;1;0
-2.29255;3.9743;0;0;1
1.44;0.265785;1;0;0
-0.912658;3.0075;0;1;0
-4.74614;4.78931;0;0;1
-3.43847;3.39789;0;0;1
2.15972;3.66994;0;0;1
1.58924;-0.920155;1;0;0
-4.72904;0.517226;0;0;1
-2.78028;-2.46111;0;1;0
-2.68925;-3.03887;0;0;1
1.71893;0.055079;1;0;0
-4.80289;0.95049;0;0;1
-3.95891;-1.60729;0;0;1
2.99916;0.694435;0;1;0
-3.21455;3.87461;0;0;1
1.52746;0.567216;1;0;0
-2.61817;2.20813;0;1;0
-4.00559;3.05315;0;0;1
-2.56828;4.88729;0;0;1
2.22267;1.03197;0;1;0
3.55696;3.0685;0;0;1
3.3022;4.62649;0;0;1
-1.02816;4.4441;0;0;1
1.68085;-3.58918;0;1;0
-2.95016;-0.936077;0;1;0
-2.06852;-1.7601;0;1;0
3.96336;-4.13075;0;0;1
-4.86998;1.33241;0;0;1
-4.14491;2.35905;0;0;1
-2.92114;3.48128;0;0;1
-4.73468;-3.77223;0;0;1
-3.18565;3.76444;0;0;1
0.830416;1.42926;1;0;0
-0.785755;2.03946;0;1;0
3.92672;4.10624;0;0;1
3.17444;1.24761;0;1;0
-1.58183;-1.64134;0;1;0
-2.40577;3.25107;0;0;1
-1.20308;-1.36941;1;0;0
0.902949;-4.65772;0;0;1
-2.31936;3.30655;0;0;1
1.24149;-1.54808;1;0;0
-0.905884;2.73835;0;1;0
0.520472;-1.37242;1;0;0
-0.638735;3.61068;0;1;0
-2.05534;-2.80489;0;1;0
4.48453;4.74547;0;0;1
2.63606;2.79759;0;1;0
-3.59887;-3.85762;0;0;1
3.68468;0.657766;0;1;0
-0.125688;4.85367;0;0;1
3.94552;-0.289345;0;1;0
2.99855;-3.17893;0;0;1
-0.747865;-0.152216;1;0;0
-4.77531;0.124577;0;0;1
-2.31323;2.41687;0;1;0
0.416342;1.98846;0;1;0
1.33478;-0.9745;1;0;0
-2.42112;-2.81977;0;1;0
-3.60644;1.45054;0;1;0
3.3493;-0.782961;0;1;0
4.84402;-3.67724;0;0;1
0.256902;4.00572;0;0;1
-3.28321;1.91222;0;1;0
-2.27693;1.83184;0;1;0
-4.81609;3.22584;0;0;1
4.14299;0.296617;0;0;1
-3.82249;3.15054;0;0;1
0.765164;-0.0190926;1;0;0
-2.25945;-4.32825;0;0;1
0.54178;-0.947519;1;0;0
1.5142;-0.025351;1;0;0
3.29742;2.20203;0;1;0
-2.93579;-3.93421;0;0;1
-4.89004;-3.59981;0;0;1
-3.63114;-2.36316;0;0;1
4.00019;-2.33502;0;0;1
3.7389;2.32185;0;0;1
0.974131;-2.49269;0;1;0
1.00517;1.33098;1;0;0
1.65037;-0.0572615;1;0;0
-3.24629;0.732944;0;1;0
4.14412;3.38107;0;0;1
-0.812295;-0.956185;1;0;0
-1.16861;2.70911;0;1;0
0.189177;-0.779639;1;0;0
-4.53034;-1.46129;0;0;1
-3.33717;4.58627;0;0;1
2.38034;-3.15629;0;1;0
-4.17201;-4.09663;0;0;1
1.03152;2.70986;0;1;0
-2.54651;-4.3175;0;0;1
-1.10704;3.37079;0;1;0
-2.11306;-0.628066;0;1;0
-1.44327;4.15514;0;0;1
2.19046;2.21533;0;1;0
-2.02878;1.10405;0;1;0
0.664046;4.49307;0;0;1
-0.239496;-1.03351;1;0;0
1.63671;4.54087;0;0;1
4.3683;-3.64999;0;0;1
2.32572;-0.162451;0;1;0
-2.8506;-2.30089;0;1;0
-4.68817;0.398428;0;0;1
-2.37736;-3.37986;0;0;1
0.950779;3.4153;0;1;0
-4.48574;3.46408;0;0;1
-0.0363379;4.55236;0;0;1
0.968428;-3.45328;0;1;0
-1.65756;1.23333;0;1;0
2.70912;-0.257627;0;1;0
-3.93402;-1.55616;0;0;1
-4.24862;-1.4846;0;0;1
2.28189;-0.872065;0;1;0
-0.0450869;2.04926;0;1;0
1.88402;0.982861;0;1;0
-0.651727;-0.403185;1;0;0
-2.53598;-4.24067;0;0;1
3.19102;-4.22235;0;0;1
2.99416;-4.97661;0;0;1
1.94696;4.67699;0;0;1
-2.27855;-4.94746;0;0;1
0.902307;-3.96906;0;0;1
-1.39026;-1.85403;0;1;0
-4.08418;3.0743;0;0;1
4.17314;4.62099;0;0;1
-3.63181;2.90014;0;0;1
4.50237;1.9056;0;0;1
-0.539942;0.213007;1;0;0
-3.14867;-4.13295;0;0;1
0.419009;4.58171;0;0;1
3.72946;2.58392;0;0;1
2.32225;1.38949;0;1;0
3.06561;2.59036;0;0;1
1.58783;2.24103;0;1;0
1.92277;1.37232;0;1;0
3.49196;4.80577;0;0;1
-2.50332;4.03364;0;0;1
-0.10575;1.46665;1;0;0
-2.78791;1.93175;0;1;0
4.87668;-4.48404;0;0;1
4.44059;1.69917;0;0;1
-4.60573;-4.55835;0;0;1
2.05575;0.882638;0;1;0
4.25248;4.99354;0;0;1
-3.19425;0.558066;0;1;0
0.679452;-0.267899;1;0;0
4.15488;-1.87145;0;0;1
-4.66054;-3.79477;0;0;1
1.9742;2.31024;0;1;0
-2.02651;-3.07401;0;1;0
4.24396;-3.84718;0;0;1
4.71058;-0.782373;0;0;1
4.44267;2.95342;0;0;1
-0.257858;2.45065;0;1;0
3.62043;-4.45117;0;0;1
3.44549;-0.448563;0;1;0
-1.809;0.224346;1;0;0
3.28916;1.44547;0;1;0
-4.62992;1.50167;0;0;1
0.962699;-1.35303;1;0;0
-2.69991;0.606771;0;1;0
-3.79433;-0.189381;0;1;0
-4.23047;3.84998;0;0;1
1.96289;0.302651;1;0;0
-1.60125;-0.589678;1;0;0
2.24767;-0.955145;0;1;0
-4.34644;0.724277;0;0;1
-1.8471;3.03977;0;1;0
0.394913;0.384015;1;0;0
2.90723;1.61655;0;1;0
-1.81247;2.37856;0;1;0
1.25891;0.201681;1;0;0
3.85978;-0.73183;0;1;0
1.15863;3.76665;0;1;0
-2.67041;-0.824939;0;1;0
-4.75599;-0.380571;0;0;1
3.70099;4.90341;0;0;1
-4.78731;-4.99762;0;0;1
3.74702;-3.14527;0;0;1
0.289371;-1.16036;1;0;0
4.39068;4.3259;0;0;1
2.98783;-4.2997;0;0;1
4.97934;-4.90515;0;0;1
-1.49288;-4.47316;0;0;1
2.67188;-4.11457;0;0;1
-0.980691;-4.62403;0;0;1
-0.201244;-0.202187;1;0;0
1.27505;0.807572;1;0;0
3.73677;-2.28313;0;0;1
4.84083;-1.01713;0;0;1
2.68273;-4.08301;0;0;1
-0.822332;-1.6363;1;0;0
-0.78643;0.225192;1;0;0
2.37582;2.32272;0;1;0
-2.61223;-4.96654;0;0;1
-3.89526;-0.326892;0;1;0
-1.45378;-2.02997;0;1;0
-2.12761;3.52822;0;0;1
-2.03692;2.15553;0;1;0
-2.66392;0.891085;0;1;0
-4.57907;-2.22734;0;0;1
-4.82126;4.10339;0;0;1
4.87722;-4.54899;0;0;1
-0.722269;-3.90532;0;1;0
-1.15673;-1.0837;1;0;0
1.79647;-3.75562;0;0;1
-2.81746;4.56416;0;0;1
4.49961;2.97989;0;0;1
2.86345;-2.41017;0;1;0
-4.10589;0.885542;0;0;1
-0.824192;4.82331;0;0;1
3.79118;3.84199;0;0;1
4.44732;1.00798;0;0;1
-0.325985;4.03724;0;0;1
1.13411;4.89185;0;0;1
-3.32966;2.43353;0;0;1
4.91169;-4.35014;0;0;1
-2.68328;-0.984198;0;1;0
4.42732;3.37826;0;0;1
1.49647;-2.69431;0;1;0
1.07737;3.30643;0;1;0
0.126885;-3.79661;0;1;0
-2.6933;-4.53055;0;0;1
-3.23472;-1.15909;0;1;0
-2.79514;-4.63268;0;0;1
-3.13562;4.5727;0;0;1
2.79584;3.26206;0;0;1
-1.49875;3.0077;0;1;0
-4.42157;1.29778;0;0;1
4.69103;-2.83676;0;0;1
3.83786;0.182604;0;1;0
4.27752;0.972741;0;0;1
4.94908;0.250315;0;0;1
-3.26105;-2.39767;0;0;1
-1.03758;0.152479;1;0;0
2.58239;-0.0881367;0;1;0
1.96021;4.96336;0;0;1
-3.46104;3.97436;0;0;1
3.15833;-0.366192;0;1;0
-2.75559;1.22937;0;1;0
-2.76182;2.47872;0;1;0
0.369744;-4.65135;0;0;1
0.929399;3.94921;0;0;1
0.800862;3.60127;0;1;0
-4.08513;-0.425679;0;0;1
3.77461;-1.0883;0;1;0
-2.344;-2.27041;0;1;0
-3.70485;-0.233232;0;1;0
3.88748;-4.55623;0;0;1
4.55651;3.52194;0;0;1
3.62128;-4.64578;0;0;1
3.09516;-1.70949;0;1;0
1.55242;4.3159;0;0;1
0.508574;2.35213;0;1;0
-4.13013;-2.18609;0;0;1
-0.915468;-2.47351;0;1;0
-1.27311;-4.94918;0;0;1
-2.40246;1.95714;0;1;0
2.2342;-4.51216;0;0;1
-0.0412426;0.326025;1;0;0
-4.18954;4.62122;0;0;1
-2.79817;-3.90531;0;0;1
1.83259;3.9448;0;0;1
-4.23869;4.91475;0;0;1
3.51207;-4.38483;0;0;1
-0.0485349;3.82906;0;1;0
-0.194134;0.16079;1;0;0
0.924078;4.06514;0;0;1
3.24681;0.713189;0;1;0
-1.52191;1.62112;0;1;0
1.78016;0.437789;1;0;0
0.65732;3.64493;0;1;0
-2.32972;2.3391;0;1;0
3.7863;0.212603;0;1;0
2.97426;3.68161;0;0;1
1.58452;-2.54714;0;1;0
3.50582;-3.42659;0;0;1
3.67294;-3.396;0;0;1
2.08363;-1.65991;0;1;0
3.37013;-2.6131;0;0;1
1.97471;4.3009;0;0;1
1.80141;-3.94166;0;0;1
1.18611;1.98991;0;1;0
2.52717;-3.10778;0;0;1
-3.41395;3.81637;0;0;1
3.80871;4.61315;0;0;1
3.71844;-0.3453;0;1;0
-4.70753;3.79071;0;0;1
3.25817;-4.94855;0;0;1
-3.7113;3.19947;0;0;1
-1.64881;-2.71375;0;1;0
2.43508;4.08701;0;0;1
-3.3924;-4.9888;0;0;1
3.17967;0.561817;0;1;0
3.32134;2.56636;0;0;1
0.0746775;-2.41312;0;1;0
-4.93614;-3.06867;0;0;1
-2.12962;-4.15902;0;0;1
1.16927;-1.73566;0;1;0
4.81186;0.598443;0;0;1
1.31814;-3.84156;0;0;1
-2.40196;-1.23305;0;1;0
1.34006;-4.90928;0;0;1
0.399854;3.18679;0;1;0
2.79845;-3.71551;0;0;1
-3.93019;-2.16657;0;0;1
2.61028;-4.81572;0;0;1
0.412665;-0.677592;1;0;0
4.62992;3.40121;0;0;1
-1.58128;-1.07849;1;0;0
1.32622;-3.20503;0;1;0
4.32028;2.53699;0;0;1
-3.9749;2.88807;0;0;1
4.37228;-3.26247;0;0;1
1.87886;2.70854;0;1;0
-4.32163;4.47298;0;0;1
-1.99036;-3.33622;0;1;0
2.08172;2.70984;0;1;0
-4.32649;2.08572;0;0;1
0.821705;-0.264261;1;0;0
-1.54117;-4.4208;0;0;1
1.20916;-4.25306;0;0;1
-4.54258;3.52415;0;0;1
3.71537;4.90148;0;0;1
4.73489;1.76052;0;0;1
4.68878;-0.540417;0;0;1
2.49652;1.47574;0;1;0
-3.69914;0.943959;0;1;0
2.58263;-1.16388;0;1;0
-4.75413;-4.34374;0;0;1
-4.77876;3.21513;0;0;1
-1.7639;-1.28166;0;1;0
-0.113568;3.18786;0;1;0
2.70407;-2.47491;0;1;0
1.83295;-4.98971;0;0;1
-0.540973;-3.41062;0;1;0
-2.26373;-0.314606;0;1;0
4.97124;4.44304;0;0;1
-0.738187;-3.97806;0;0;1
-0.48613;3.5421;0;1;0
-3.36376;0.270241;0;1;0
2.9481;3.25921;0;0;1
1.93682;-2.01626;0;1;0
-2.7923;3.39947;0;0;1
-4.17619;2.72823;0;0;1
1.80499;-2.69946;0;1;0
1.54511;-3.68665;0;1;0
-2.2674;3.68054;0;0;1
4.50864;4.63237;0;0;1
-3.48942;-4.68698;0;0;1
-0.676652;2.3127;0;1;0
4.43616;4.09525;0;0;1
-0.802727;3.5736;0;1;0
1.38526;4.6452;0;0;1
-1.02406;2.60094;0;1;0
-2.25785;-0.577012;0;1;0
4.83978;-1.88048;0;0;1
-0.90666;-1.79257;0;1;0
3.94099;2.24423;0;0;1
-2.70045;2.45837;0;1;0
-2.86895;-2.99641;0;0;1
-4.68866;3.68123;0;0;1
1.51667;2.14924;0;1;0
-1.31474;0.627503;1;0;0
3.64358;-0.284676;0;1;0
-0.267901;0.432328;1;0;0
4.68193;-3.40754;0;0;1
-3.14474;-2.96299;0;0;1
3.68623;-4.08836;0;0;1
2.76597;-3.46342;0;0;1
2.70922;-0.463064;0;1;0
3.44783;0.303544;0;1;0
2.61024;-4.82138;0;0;1
1.2622;2.96798;0;1;0
-3.68755;-2.05832;0;0;1
-4.67474;4.11836;0;0;1
4.20848;4.67511;0;0;1
1.1665;-3.14541;0;1;0
2.96537;-0.379027;0;1;0
-0.184776;-4.98768;0;0;1
-3.82692;0.983273;0;1;0
-3.74814;1.07306;0;1;0
1.85565;-2.5246;0;1;0
-0.696941;0.584126;1;0;0
-2.99475;-2.7446;0;0;1
-0.0840545;-3.39175;0;1;0
-4.35791;1.51519;0;0;1
0.819714;-1.74075;1;0;0
-2.31007;0.902639;0;1;0
2.97559;-0.667532;0;1;0
-1.89638;4.84351;0;0;1
-0.447798;-3.50419;0;1;0
-4.88379;-0.354014;0;0;1
-4.27553;1.80457;0;0;1
-1.07506;-1.04455;1;0;0
-0.200612;4.747;0;0;1
1.00021;2.21888;0;1;0
-2.08337;1.56984;0;1;0
1.94982;2.57059;0;1;0
3.60122;4.52649;0;0;1
2.79851;4.07819;0;0;1
-4.60381;2.24285;0;0;1
-0.194931;2.49162;0;1;0
-3.9507;-3.54078;0;0;1
-2.57955;-3.97208;0;0;1
4.86663;0.709045;0;0;1
-3.57504;-4.81632;0;0;1
-0.0111184;-0.176436;1;0;0
1.18156;-2.8965;0;1;0
2.02465;-1.53983;0;1;0
0.596487;2.75805;0;1;0
-4.90229;4.41238;0;0;1
-1.73539;-4.27584;0;0;1
0.177116;0.342422;1;0;0
-4.12134;3.82533;0;0;1
-1.49373;-4.17491;0;0;1
-4.66797;3.24514;0;0;1
-4.21421;-1.42199;0;0;1
-1.03077;-1.77905;0;1;0
-3.67284;4.77466;0;0;1
0.675408;-2.99141;0;1;0
1.89465;1.93194;0;1;0
3.00587;3.21441;0;0;1
-2.9985;-4.58816;0;0;1
-3.32517;1.70385;0;1;0
-3.95432;4.5155;0;0;1
1.3643;-3.7578;0;1;0
2.06476;3.96221;0;0;1
-4.68414;0.947766;0;0;1
4.36212;1.16605;0;0;1
-4.48029;1.12944;0;0;1
0.412964;-2.01164;0;1;0
2.0906;4.35202;0;0;1
3.70969;4.4735;0;0;1
2.14087;1.25305;0;1;0
3.01728;2.83423;0;0;1
-1.6055;1.12258;1;0;0
3.14825;-0.156015;0;1;0
-4.19885;1.6082;0;0;1
3.94817;0.530015;0;1;0
0.475924;0.974759;1;0;0
3.17298;2.83833;0;0;1
-0.476817;-0.190962;1;0;0
1.43578;-4.59246;0;0;1
0.264027;-3.36001;0;1;0
2.3159;-0.613928;0;1;0
-4.1837;2.24827;0;0;1
-4.39648;0.932786;0;0;1
-2.52897;1.50294;0;1;0
-3.40455;-0.207211;0;1;0
3.71784;1.15742;0;1;0
-2.80786;-1.70983;0;1;0
4.75865;-0.298174;0;0;1
-1.63104;2.44279;0;1;0
-3.17882;3.71833;0;0;1
2.89699;-0.663447;0;1;0
1.58708;-4.56338;0;0;1
-0.018043;-3.38327;0;1;0
0.553636;-4.79139;0;0;1
2.19202;1.53263;0;1;0
-2.71545;-1.67685;0;1;0
4.96334;0.424786;0;0;1
4.74793;-0.0672317;0;0;1
1.50326;-4.18474;0;0;1
-3.00458;-0.967386;0;1;0
1.80228;-2.79439;0;1;0
-4.27802;-0.816002;0;0;1
-4.69347;-2.96422;0;0;1
-2.42317;3.40452;0;0;1
-0.37377;-3.25807;0;1;0
3.68272;4.60781;0;0;1
2.27169;-0.840927;0;1;0
2.42707;3.46245;0;0;1
-0.745067;1.28765;1;0;0
-1.54065;2.3535;0;1;0
-1.28961;2.67724;0;1;0
4.8765;0.048449;0;0;1
-4.59891;0.433005;0;0;1
3.67031;0.139959;0;1;0
0.786754;0.880584;1;0;0
-0.613846;-4.70606;0;0;1
2.25258;-1.04485;0;1;0
-0.13331;1.06189;1;0;0
3.73423;0.977235;0;1;0
4.00702;2.92956;0;0;1
-0.782791;1.55009;1;0;0
-2.23172;4.92133;0;0;1
0.923503;-2.16145;0;1;0
4.12363;-1.40849;0;0;1
-2.89338;-1.16153;0;1;0
1.22967;-0.341872;1;0;0
1.3156;3.35998;0;1;0
2.33113;-2.64208;0;1;0
-3.68432;2.76;0;0;1
2.15825;-0.946898;0;1;0
4.09033;1.01855;0;0;1
-3.20317;1.32541;0;1;0
-2.62457;-1.27151;0;1;0
4.71395;0.126152;0;0;1
-3.19023;-0.869689;0;1;0
3.54385;-4.30867;0;0;1
-0.0772214;-0.628346;1;0;0
-2.52769;-4.02607;0;0;1
3.7075;-0.949792;0;1;0
-0.546947;0.929184;1;0;0
0.148173;0.794149;1;0;0
-1.40767;1.62621;0;1;0
0.929509;-4.04738;0;0;1
-3.36476;1.52123;0;1;0
-1.08918;-1.87852;0;1;0
4.69412;-1.00954;0;0;1
-2.41867;3.57986;0;0;1
1.56737;-4.9097;0;0;1
-1.7481;0.884127;1;0;0
2.73473;0.98714;0;1;0
-3.69126;-1.0334;0;1;0
4.69821;-2.62972;0;0;1
-0.462105;-2.65326;0;1;0
-2.6395;3.8371;0;0;1
-4.26503;-0.579756;0;0;1
-3.30242;-1.69111;0;1;0
0.19774;-0.512224;1;0;0
-1.62997;1.6939;0;1;0
3.28883;-3.54243;0;0;1
-0.691125;-0.505661;1;0;0
-2.51286;0.878844;0;1;0
1.17145;4.48583;0;0;1
2.06777;-2.47472;0;1;0
-3.32958;-1.40749;0;1;0
-3.32381;-1.20641;0;1;0
-4.63329;1.05538;0;0;1
2.36402;-1.43268;0;1;0
1.63805;0.335119;1;0;0
-0.253691;2.8179;0;1;0
3.4417;2.05386;0;0;1
3.0567;-0.536314;0;1;0
0.853544;3.64216;0;1;0
3.68271;0.581403;0;1;0
-2.94159;0.399058;0;1;0
-3.8808;-4.65812;0;0;1
-2.3025;4.86693;0;0;1
-4.42913;-3.77029;0;0;1
0.311695;-2.68869;0;1;0
4.36606;-4.48303;0;0;1
-4.60656;1.40003;0;0;1
-3.7789;-2.75299;0;0;1
-0.47801;-3.1999;0;1;0
4.33875;-4.11444;0;0;1
-1.83844;-3.96691;0;0;1
0.0723481;0.846707;1;0;0
-4.58427;1.88208;0;0;1
-3.51657;-1.02621;0;1;0
4.8663;-0.201029;0;0;1
4.65119;1.85968;0;0;1
-4.9506;-4.8262;0;0;1
4.51812;-1.76869;0;0;1
1.3912;4.73098;0;0;1
3.67918;0.801122;0;1;0
-0.452601;-2.45775;0;1;0
0.15596;0.2173;1;0;0
-0.111534;-1.57347;1;0;0
1.66864;0.32245;1;0;0
-3.60349;-3.74258;0;0;1
-4.70026;-3.67285;0;0;1
-1.9207;-3.56458;0;0;1
2.04681;4.3982;0;0;1
-2.98147;2.32899;0;1;0
1.73432;-3.37618;0;1;0
4.69912;-3.11651;0;0;1
-4.06099;2.30829;0;0;1
1.72602;-3.43836;0;1;0
-0.562498;-2.65439;0;1;0
3.68142;4.63347;0;0;1
-3.2285;-2.44693;0;0;1
1.92626;1.61632;0;1;0
3.38115;4.78631;0;0;1
4.44614;-1.25703;0;0;1
1.83248;-4.82484;0;0;1
-0.0282521;-2.55853;0;1;0
1.17847;3.30877;0;1;0
3.68905;3.64609;0;0;1
0.706098;2.68519;0;1;0
-4.69613;-3.8689;0;0;1
4.30949;2.9551;0;0;1
1.89527;4.18678;0;0;1
1.76513;1.0061;0;1;0
-2.84325;4.40875;0;0;1
1.58885;3.26839;0;1;0
-1.06136;1.66971;1;0;0
1.51233;0.771852;1;0;0
-3.93407;-1.51426;0;0;1
1.57845;-3.40713;0;1;0
4.99414;1.04954;0;0;1
-4.51788;-1.81888;0;0;1
4.77174;3.66439;0;0;1
-0.930921;4.93337;0;0;1
3.70753;2.52428;0;0;1
2.82385;-4.09518;0;0;1
0.670162;-2.11314;0;1;0
2.38449;-3.9089;0;0;1
3.78516;1.50512;0;0;1
-0.958597;2.65191;0;1;0
-1.72967;4.25675;0;0;1
1.67593;-0.618277;1;0;0
3.07846;4.01376;0;0;1
2.62285;3.77891;0;0;1
2.97814;-1.82804;0;1;0
-0.644167;3.68901;0;1;0
3.17834;-1.24328;0;1;0
-3.79791;-2.03131;0;0;1
0.444891;1.49075;1;0;0
-4.94241;-1.71619;0;0;1
-1.75414;1.30209;0;1;0
-1.33538;1.09832;1;0;0
-1.03827;0.634389;1;0;0
1.95467;-1.1958;0;1;0
-1.11442;0.484997;1;0;0
-0.513063;0.964855;1;0;0
-2.62456;0.456869;0;1;0
-1.26748;-0.555806;1;0;0
-2.7273;-4.85333;0;0;1
-4.26804;0.870617;0;0;1
1.03449;-3.31556;0;1;0
1.68213;1.42576;0;1;0
1.1949;2.59344;0;1;0
-0.36506;0.00445318;1;0;0
-1.20214;0.423636;1;0;0
3.63334;4.51479;0;0;1
0.190818;3.47167;0;1;0
-0.208181;4.14237;0;0;1
-4.74358;3.13766;0;0;1
-1.58752;-3.91082;0;0;1
-1.19804;-3.51008;0;1;0
-1.01177;0.266238;1;0;0
0.801723;-2.5393;0;1;0
0.336025;-0.233045;1;0;0
1.07905;-1.05635;1;0;0
2.64883;0.494142;0;1;0
3.12986;2.46876;0;1;0
2.18123;2.15491;0;1;0
4.55524;0.212341;0;0;1
-4.81767;3.22393;0;0;1
-3.04222;-0.691379;0;1;0
-4.92437;3.96714;0;0;1
1.47475;-4.2872;0;0;1
3.9803;4.5466;0;0;1
-2.56518;1.54693;0;1;0
4.27035;-1.19925;0;0;1
-4.39733;-3.02846;0;0;1
4.34436;-0.208168;0;0;1
-1.48377;-3.05442;0;1;0
-3.98579;-3.33668;0;0;1
-0.141283;1.17352;1;0;0
-2.43223;0.230847;0;1;0
-2.15127;1.70096;0;1;0
-1.9271;4.29606;0;0;1
3.03026;0.322602;0;1;0
0.391613;0.809321;1;0;0
-1.88692;-4.10374;0;0;1
1.10334;2.17636;0;1;0
2.16151;-1.00095;0;1;0
-2.27376;4.76725;0;0;1
-0.864509;3.23174;0;1;0
-3.78114;0.22481;0;1;0
-3.18851;-3.76777;0;0;1
1.81118;3.59416;0;0;1
-3.18562;2.99781;0;0;1
0.251634;-3.15415;0;1;0
2.09046;-2.04722;0;1;0
-3.93123;2.93407;0;0;1
0.673122;-3.14772;0;1;0
-2.43437;4.17752;0;0;1
4.62927;-0.754725;0;0;1
-0.164543;-4.12961;0;0;1
3.05993;3.15749;0;0;1
0.502266;-1.2649;1;0;0
-4.56587;0.264992;0;0;1
1.33151;-3.87696;0;0;1
4.51403;-4.97416;0;0;1
1.01612;1.37985;1;0;0
3.19189;0.151752;0;1;0
3.84206;0.935386;0;1;0
-2.7192;2.93744;0;0;1
-2.87955;1.46606;0;1;0
1.10981;-3.25227;0;1;0
-0.889715;-1.39227;1;0;0
3.39861;4.05891;0;0;1
4.00023;2.69945;0;0;1
-1.46579;0.56637;1;0;0
-2.63129;-2.44355;0;1;0
2.80525;-1.97939;0;1;0
-2.25194;2.31958;0;1;0
3.22614;3.51174;0;0;1
-0.762618;1.71425;1;0;0
1.6755;3.0953;0;1;0
-4.04465;2.66656;0;0;1
1.23859;-3.50296;0;1;0
-0.482323;-0.760552;1;0;0
0.866085;-3.47016;0;1;0
-3.31986;-2.64764;0;0;1
2.36874;3.6926;0;0;1
3.62797;-0.27108;0;1;0
-2.8326;0.353581;0;1;0
-4.04285;-3.21554;0;0;1
-4.76361;-1.87728;0;0;1
1.41972;-2.69754;0;1;0
1.07094;-2.93814;0;1;0
0.466974;1.37961;1;0;0
-2.68053;-2.43116;0;1;0
-1.09094;1.32015;1;0;0
0.944763;-4.41545;0;0;1
-0.0323315;-3.58226;0;1;0
4.87786;-2.2546;0;0;1
-3.6356;0.970469;0;1;0
1.95145;1.75841;0;1;0
-0.956812;-0.57283;1;0;0
-0.718004;-0.542091;1;0;0
2.17598;2.24517;0;1;0
1.92436;-4.84179;0;0;1
4.91256;-1.5891;0;0;1
-3.71606;3.18707;0;0;1
-3.9589;1.03219;0;0;1
2.24339;-1.62773;0;1;0
0.783869;4.05525;0;0;1
-2.25839;2.72623;0;1;0
-4.20581;-2.35105;0;0;1
-4.14342;1.4529;0;0;1
3.94191;0.957508;0;0;1
-3.08133;-0.988121;0;1;0
-1.76628;-1.33044;0;1;0
-2.73344;-1.5644;0;1;0
-1.45004;1.17156;1;0;0
-4.30576;-0.575901;0;0;1
0.190598;3.31863;0;1;0
-4.32387;1.69603;0;0;1
3.00356;-4.30068;0;0;1
-2.66288;1.40168;0;1;0
0.400119;-2.28853;0;1;0
3.80079;0.92812;0;1;0
1.50877;1.80132;0;1;0
0.329578;-2.69171;0;1;0
-1.75666;-0.431414;1;0;0
-1.66998;-3.09675;0;1;0
1.69487;-4.47661;0;0;1
4.94139;-1.21524;0;0;1
1.61839;-1.37056;0;1;0
0.577834;4.9548;0;0;1
2.3065;-0.536476;0;1;0
-0.347944;-1.6643;1;0;0
-4.39858;0.80475;0;0;1
0.622968;-4.11233;0;0;1
4.57625;4.61666;0;0;1
-3.24697;1.3496;0;1;0
1.90005;2.54838;0;1;0
-2.99066;-3.29522;0;0;1
0.358277;-0.905221;1;0;0
-4.03324;-0.773109;0;0;1
-0.496291;3.21806;0;1;0
2.56163;-4.98763;0;0;1
-1.52428;-1.99147;0;1;0
1.64912;4.81236;0;0;1
2.9545;-0.251135;0;1;0
4.27178;-1.17474;0;0;1
-2.65358;-3.80171;0;0;1
-1.00684;4.74165;0;0;1
-3.47584;-4.79974;0;0;1
4.92484;2.3718;0;0;1
4.27001;2.686;0;0;1
0.399571;-2.56343;0;1;0
3.42033;1.71558;0;1;0
0.20958;-4.07071;0;0;1
1.23586;-2.42953;0;1;0
-4.10876;2.87902;0;0;1
2.5527;3.64686;0;0;1
-3.72287;1.08486;0;1;0
3.26068;0.0683842;0;1;0
2.82028;-3.40696;0;0;1
2.08745;-4.36891;0;0;1
-4.6384;-3.82351;0;0;1
-1.96872;-2.72643;0;1;0
-2.36887;-1.58325;0;1;0
-1.39864;-1.1909;1;0;0
-4.12357;-1.53678;0;0;1
4.36958;-2.60945;0;0;1
0.538023;0.0972424;1;0;0
-1.94476;3.25286;0;1;0
-1.03018;-2.20296;0;1;0
-0.527975;4.42387;0;0;1
1.00594;3.73337;0;1;0
0.156794;-3.38236;0;1;0
4.19392;2.86276;0;0;1
-0.0303655;0.745874;1;0;0
4.92158;0.665753;0;0;1
3.51425;-1.08957;0;1;0
-2.91489;0.0115299;0;1;0
4.30595;-1.02821;0;0;1
-3.83634;0.397326;0;1;0
3.1745;1.2795;0;1;0
-1.19377;1.74304;0;1;0
3.77974;0.324812;0;1;0
3.68057;2.21422;0;0;1
3.05925;-3.58722;0;0;1
2.9003;-2.88018;0;0;1
-1.95321;3.18735;0;1;0
-4.19081;-1.77472;0;0;1
-0.970198;-4.77106;0;0;1
-3.26475;-3.46209;0;0;1
1.94951;-2.76386;0;1;0
-1.539;4.57323;0;0;1
4.7561;0.730414;0;0;1
1.40972;4.32731;0;0;1
3.22481;0.751634;0;1;0
-3.67475;-0.206456;0;1;0
3.62014;-1.86272;0;0;1
4.22757;1.06371;0;0;1
-0.129381;-3.60802;0;1;0
1.06253;3.98262;0;0;1
2.6481;3.29332;0;0;1
-3.25161;-1.82469;0;1;0
0.025661;4.52798;0;0;1
-1.01337;3.25201;0;1;0
-3.53626;1.66307;0;1;0
-1.32466;-3.78238;0;0;1
-4.31828;-0.21766;0;0;1
-4.74188;0.0610757;0;0;1
-3.64834;-2.67449;0;0;1
4.63115;-4.20035;0;0;1
0.495296;2.76724;0;1;0
4.65822;-3.77965;0;0;1
-0.675021;0.942907;1;0;0
-1.88184;4.36449;0;0;1
0.0614185;3.76105;0;1;0
-0.604883;-2.22247;0;1;0
-3.94335;3.51449;0;0;1
1.40826;-4.99668;0;0;1
-2.83962;-4.82312;0;0;1
1.19588;1.02553;1;0;0
1.50201;-1.35202;0;1;0
-3.47975;-1.13539;0;1;0
-4.3865;0.644411;0;0;1
2.80762;-3.08218;0;0;1
-0.401996;-2.88245;0;1;0
-4.41836;-0.153984;0;0;1
4.94866;2.54254;0;0;1
-4.42219;1.19498;0;0;1
1.95035;-2.02645;0;1;0
4.83679;-0.696628;0;0;1
-2.6082;-3.29335;0;0;1
-3.57751;-4.2537;0;0;1
-3.78615;2.82696;0;0;1
-1.96725;-2.34613;0;1;0
-3.98954;-3.22234;0;0;1
1.92161;1.91618;0;1;0
-4.37708;1.18052;0;0;1
0.0942211;1.3319;1;0;0
4.96697;-2.71105;0;0;1
3.1397;-2.67354;0;0;1
1.15219;-2.79197;0;1;0
-1.93746;-3.26247;0;1;0
1.23896;1.55724;1;0;0
0.270414;3.48016;0;1;0
-0.739166;2.24318;0;1;0
-3.6929;2.92094;0;0;1
3.86604;-0.952016;0;1;0
-0.502153;1.54076;1;0;0
-3.05377;-1.45764;0;1;0
-1.32241;0.255046;1;0;0
-0.858702;-0.183651;1;0;0
3.27538;-3.23113;0;0;1
2.33614;-1.12921;0;1;0
2.69305;4.63822;0;0;1
-4.88969;-2.5142;0;0;1
-0.83846;-3.66196;0;1;0
-0.186558;-0.814194;1;0;0
-4.80808;2.90338;0;0;1
-2.40187;0.821483;0;1;0
2.6029;1.80975;0;1;0
-3.6289;-3.10305;0;0;1
0.353102;1.18948;1;0;0
-2.84798;-1.765;0;1;0
-4.87879;3.34303;0;0;1
-2.58799;1.29299;0;1;0
4.75874;-3.01144;0;0;1
3.01537;-4.35383;0;0;1
4.59577;-4.57367;0;0;1
-0.121459;-1.28591;1;0;0
-3.90264;-2.34149;0;0;1
0.479595;1.4609;1;0;0
-0.456227;-0.00666189;1;0;0
3.44357;-2.33981;0;0;1
-4.01917;-3.50762;0;0;1
-0.117589;-3.728;0;1;0
-3.49951;3.6466;0;0;1
-1.75324;-2.56522;0;1;0
2.37357;1.51711;0;1;0
-0.239819;3.10686;0;1;0
-1.24112;1.14081;1;0;0
-1.05524;3.59565;0;1;0
-0.405532;-1.07606;1;0;0
2.85017;4.56222;0;0;1
3.92085;-3.66855;0;0;1
4.55335;-3.9785;0;0;1
2.86903;1.58692;0;1;0
-1.84593;4.42831;0;0;1
1.88135;3.08883;0;1;0
-0.623969;-4.23583;0;0;1
-2.45329;-2.20632;0;1;0
3.40872;4.30319;0;0;1
-4.61574;-2.46942;0;0;1
4.01762;2.8117;0;0;1
-0.385225;3.25132;0;1;0
1.37201;-0.0454788;1;0;0
1.59354;-1.13651;1;0;0
3.95118;-0.498755;0;1;0
1.3667;-2.73035;0;1;0
1.13934;3.89391;0;0;1
-4.33348;-0.493804;0;0;1
0.18408;3.82459;0;1;0
-3.49831;-3.94307;0;0;1
2.37434;4.88275;0;0;1
0.122219;-0.567269;1;0;0
1.80228;-4.52169;0;0;1
-4.58327;-4.61978;0;0;1
-4.15208;2.46207;0;0;1
2.16323;1.59036;0;1;0
-4.27916;3.02131;0;0;1
-4.28743;-3.94632;0;0;1
-4.87892;-4.64429;0;0;1
4.56501;0.085793;0;0;1
2.37508;-1.12405;0;1;0
-1.46749;-0.380531;1;0;0
-2.03464;4.91588;0;0;1
-1.50297;4.7075;0;0;1
2.74654;4.42315;0;0;1
1.61371;2.83843;0;1;0
-3.14804;-1.45159;0;1;0
-3.25891;-0.878691;0;1;0
-4.01604;0.496161;0;0;1
1.60303;3.30534;0;1;0
2.64373;-4.31287;0;0;1
-2.34954;-0.757031;0;1;0
-4.79055;-4.17382;0;0;1
-4.17828;0.146575;0;0;1
4.6786;3.98901;0;0;1
-2.04555;2.82485;0;1;0
2.69223;-2.72158;0;1;0
1.24664;4.75991;0;0;1
-1.1806;1.6735;0;1;0
-2.94313;-4.89572;0;0;1
-3.78614;-2.44587;0;0;1
1.15013;-2.39287;0;1;0
2.74634;-4.30746;0;0;1
1.43904;4.59827;0;0;1
0.303021;-0.217447;1;0;0
-4.58049;3.95815;0;0;1
4.68489;-1.77784;0;0;1
2.98714;-3.74766;0;0;1
-2.07178;-0.256639;0;1;0
4.7997;-3.86043;0;0;1
1.01882;-0.139845;1;0;0
0.824227;4.20297;0;0;1
2.48073;0.207682;0;1;0
3.1177;1.165;0;1;0
1.56479;-3.43362;0;1;0
-3.71904;-4.56264;0;0;1
-1.61732;-3.89192;0;0;1
4.28084;0.985316;0;0;1
-2.75384;-4.04988;0;0;1
-1.27833;-1.24007;1;0;0
-0.679231;0.500919;1;0;0
-0.60595;-1.11347;1;0;0
1.1294;-3.36316;0;1;0
4.43076;-2.26209;0;0;1
-2.59307;4.28318;0;0;1
-3.78499;1.75982;0;0;1
-3.0253;-0.0395217;0;1;0
3.86925;-4.87285;0;0;1
1.45811;4.92415;0;0;1
-2.14093;1.71455;0;1;0
3.15947;-1.83078;0;1;0
3.6137;3.79269;0;0;1
3.46514;-2.41568;0;0;1
4.18927;0.440166;0;0;1
-2.47759;1.36071;0;1;0
2.55042;-2.78937;0;1;0
-0.394605;4.78397;0;0;1
3.41999;2.48192;0;0;1
2.28491;0.578132;0;1;0
2.76447;-3.19405;0;0;1
1.56162;-4.46142;0;0;1
-3.22571;-1.7994;0;1;0
0.450269;2.53187;0;1;0
4.8467;-2.30669;0;0;1
4.37388;0.395562;0;0;1
-4.56826;2.27947;0;0;1
-3.35185;-3.92056;0;0;1
-3.68271;1.85298;0;0;1
2.2598;-4.08129;0;0;1
3.17785;4.6513;0;0;1
-2.86489;-0.116058;0;1;0
0.058527;-3.49324;0;1;0
3.40703;-1.57616;0;1;0
2.32802;-0.865836;0;1;0
0.422372;2.58185;0;1;0
0.903477;2.43424;0;1;0
0.0836058;1.1194;1;0;0
-2.02452;-3.94069;0;0;1
0.65022;-3.48431;0;1;0
1.88885;-4.06243;0;0;1
3.73323;0.771728;0;1;0
1.36291;3.77138;0;0;1
2.61122;-0.661995;0;1;0
-3.39928;-3.39152;0;0;1
-0.384425;0.580423;1;0;0
-4.90668;3.11752;0;0;1
-2.53321;2.41712;0;1;0
2.26462;3.81451;0;0;1
4.9181;-2.22098;0;0;1
-4.00822;-3.06046;0;0;1
-0.985057;3.79816;0;1;0
3.00071;1.5756;0;1;0
-2.95964;-1.89071;0;1;0
0.550849;2.42348;0;1;0
2.33071;3.15118;0;1;0
1.15985;1.14978;1;0;0
-3.11975;1.87884;0;1;0
-1.44615;-1.2474;1;0;0
2.83792;0.386957;0;1;0
0.542265;0.241592;1;0;0
-4.9477;3.48048;0;0;1
2.60991;3.39964;0;0;1
-4.64689;3.32681;0;0;1
2.45734;-4.88968;0;0;1
-2.97519;2.49545;0;1;0
4.58074;2.58676;0;0;1
-1.32059;1.78379;0;1;0
-1.73068;2.56265;0;1;0
-3.51112;3.4197;0;0;1
-1.94396;-0.296809;1;0;0
3.76651;0.0205021;0;1;0
4.96334;-3.75286;0;0;1
-1.3169;-1.14624;1;0;0
-0.513894;1.43365;1;0;0
2.22071;2.804;0;1;0
3.86196;-2.82791;0;0;1
0.930443;-3.62177;0;1;0
-1.08474;1.63042;1;0;0
-0.873781;-4.9812;0;0;1
1.95618;-3.21627;0;1;0
-4.96782;-4.70929;0;0;1
1.19589;-3.33115;0;1;0
-1.44507;-3.18681;0;1;0
2.94197;-1.12326;0;1;0
-4.07009;-0.976729;0;0;1
0.882022;3.74262;0;1;0
-0.190271;0.101097;1;0;0
1.42325;2.23405;0;1;0
-4.35146;-3.95863;0;0;1
0.799838;-2.74561;0;1;0
0.614846;2.02943;0;1;0
0.606601;-4.47196;0;0;1
1.03488;-0.134024;1;0;0
1.76468;0.99369;0;1;0
3.04989;1.02146;0;1;0
-2.30179;-4.77067;0;0;1
3.25049;-1.77892;0;1;0
-0.0174432;1.36491;1;0;0
-4.22942;-3.51;0;0;1
-4.41449;1.95416;0;0;1
-1.65762;2.45925;0;1;0
2.84897;4.81969;0;0;1
2.07681;-2.90158;0;1;0
2.88615;3.25131;0;0;1
0.172691;0.202966;1;0;0
-0.59801;-1.26537;1;0;0
-3.52547;-3.77623;0;0;1
-1.71807;2.35506;0;1;0
-0.659806;-2.64142;0;1;0
-4.114;-1.28578;0;0;1
-2.79388;-4.37458;0;0;1
0.982253;3.01367;0;1;0
2.35663;2.66588;0;1;0
4.98347;2.33616;0;0;1
4.33113;-2.00556;0;0;1
1.42565;-3.2652;0;1;0
-0.787519;1.37553;1;0;0
1.36177;-0.0383363;1;0;0
2.85652;-3.21748;0;0;1
-3.81664;1.85911;0;0;1
-0.900951;4.91126;0;0;1
3.39802;2.4722;0;0;1
-1.16167;2.39986;0;1;0
0.718723;4.50313;0;0;1
0.877694;-2.97064;0;1;0
-3.15524;0.655499;0;1;0
-1.37765;4.79647;0;0;1
-1.65489;-3.34706;0;1;0
-4.73803;2.00252;0;0;1
-4.75808;0.858101;0;0;1
3.31697;0.864791;0;1;0
-2.26929;1.97671;0;1;0
0.180788;4.29617;0;0;1
-2.01274;2.82582;0;1;0
4.40679;-4.43864;0;0;1
-2.40703;3.52728;0;0;1
-0.703432;-2.74459;0;1;0
3.7273;-1.23086;0;1;0
3.41934;-0.382672;0;1;0
-3.13899;-0.19094;0;1;0
3.02643;-0.648196;0;1;0
-0.418131;4.37353;0;0;1
-0.170311;2.06019;0;1;0
-3.6652;1.31171;0;1;0
-4.19398;-4.50158;0;0;1
2.27939;4.03913;0;0;1
-0.0353885;4.0939;0;0;1
-0.631493;2.80213;0;1;0
2.29508;-4.92971;0;0;1
2.65513;-4.4272;0;0;1
-3.41092;-2.74776;0;0;1
1.10225;-3.68651;0;1;0
-3.64646;-1.01164;0;1;0
2.51375;4.22623;0;0;1
1.56955;-0.279396;1;0;0
4.56615;-4.86597;0;0;1
-4.31042;-2.17254;0;0;1
-4.42945;-4.55405;0;0;1
-2.17813;-4.63712;0;0;1
